id,firstName,lastName,email,username,password,city,state,country,accountType,isAdmin
1,Claudina,Darree,cdarree0@feedburner.com,cdarree0,nyQrmZALl,Charlotte,North Carolina,US,teacher,TRUE
2,Benton,Dounbare,bdounbare1@guardian.co.uk,bdounbare1,U2Wa8w,Charlotte,North Carolina,US,home,TRUE
3,Ashleigh,Otham,aotham2@unblog.fr,aotham2,ebKVNQFuwd,Jacksonville,Florida,US,home,FALSE
4,Teodor,Ivashev,tivashev3@photobucket.com,tivashev3,s3rU2Bcf,Corpus Christi,Texas,US,home,FALSE
5,Robby,Grafhom,rgrafhom4@vkontakte.ru,rgrafhom4,PViI1j7GyK,Milwaukee,Wisconsin,US,home,FALSE
6,Normie,Durran,ndurran5@paginegialle.it,ndurran5,CAVAfIE,Richmond,Virginia,US,home,TRUE
7,Tate,O'Keaveny,tokeaveny6@hatena.ne.jp,tokeaveny6,Br5y7j66,Brooklyn,New York,US,teacher,FALSE
8,Kendal,McGaraghan,kmcgaraghan7@zdnet.com,kmcgaraghan7,dOQHcS8,New Haven,Connecticut,US,home,TRUE
9,Faulkner,Kernan,fkernan8@uiuc.edu,fkernan8,q7Cvy1FsgG,Denver,Colorado,US,home,FALSE
10,Nero,Poyntz,npoyntz9@imageshack.us,npoyntz9,Z9TtVBkXv8fl,Pittsburgh,Pennsylvania,US,home,TRUE
11,Trixy,Bengtsson,tbengtssona@virginia.edu,tbengtssona,yz0vKcO,Canton,Ohio,US,home,FALSE
12,Ty,Childerley,tchilderleyb@europa.eu,tchilderleyb,XQm5D9PH4,Bloomington,Indiana,US,home,FALSE
13,Muffin,Simms,msimmsc@amazon.co.jp,msimmsc,VzUoXtPA6FPW,Muskegon,Michigan,US,home,TRUE
14,Colver,Gentiry,cgentiryd@is.gd,cgentiryd,jeU1aeD8C,Roanoke,Virginia,US,home,FALSE
15,Billy,Henstridge,bhenstridgee@blogs.com,bhenstridgee,xPX1EQXV,Monticello,Minnesota,US,home,TRUE
16,Merci,Lawless,mlawlessf@jalbum.net,mlawlessf,DNDZQHx3k,Montgomery,Alabama,US,home,FALSE
17,Della,Saines,dsainesg@tuttocitta.it,dsainesg,47k4licPDz,Watertown,Massachusetts,US,home,TRUE
18,Sam,Alcorn,salcornh@miibeian.gov.cn,salcornh,1xK1oAvue,Fresno,California,US,teacher,FALSE
19,Gus,Gluyus,ggluyusi@cdbaby.com,ggluyusi,Gt68RTe,Shreveport,Louisiana,US,teacher,TRUE
20,Hali,Rochford,hrochfordj@auda.org.au,hrochfordj,pPh5RQmol6,Albuquerque,New Mexico,US,teacher,FALSE
21,Powell,Tirte,ptirtek@harvard.edu,ptirtek,jy9XLPMzYP,New York City,New York,US,home,TRUE
22,Elane,Van Son,evansonl@over-blog.com,evansonl,MM14rQi2Ox,Sunnyvale,California,US,home,FALSE
23,Norene,Roscrigg,nroscriggm@blogspot.com,nroscriggm,2BT3EvZkX,Lubbock,Texas,US,home,TRUE
24,Robb,Stallwood,rstallwoodn@columbia.edu,rstallwoodn,c5TJty7nvx,Rochester,New York,US,home,FALSE
25,Sigfrid,Mc Caghan,smccaghano@gizmodo.com,smccaghano,T2uKbAaRv,Whittier,California,US,teacher,FALSE
26,Luella,Blaske,lblaskep@digg.com,lblaskep,7seRoK,New York City,New York,US,teacher,FALSE
27,Lucille,Crew,lcrewq@goo.ne.jp,lcrewq,1jXZAS3ihWk,New York City,New York,US,home,TRUE
28,Tremayne,Ponde,tponder@slashdot.org,tponder,qh0gUjo0BLQ,Salt Lake City,Utah,US,home,TRUE
29,Shannon,Tolomelli,stolomellis@msu.edu,stolomellis,IK0AsvrbwG,Fort Worth,Texas,US,home,TRUE
30,Mellisent,Seedman,mseedmant@umich.edu,mseedmant,s5RkXISSW,Miami,Florida,US,home,FALSE
31,Gunilla,Henrys,ghenrysu@parallels.com,ghenrysu,cmSMPjl9,Dallas,Texas,US,home,TRUE
32,Marcile,Iltchev,miltchevv@yale.edu,miltchevv,1VrJas,Houston,Texas,US,home,FALSE
33,Domenico,Ixor,dixorw@ebay.com,dixorw,TBVfFZuna3,Colorado Springs,Colorado,US,teacher,TRUE
34,Ephrem,McGourty,emcgourtyx@1688.com,emcgourtyx,w9a4HbLHK,Littleton,Colorado,US,home,FALSE
35,Ianthe,Brombell,ibrombelly@cnet.com,ibrombelly,Jv9Nc67W2we,Lancaster,Pennsylvania,US,home,FALSE
36,Ophelie,Bucky,obuckyz@disqus.com,obuckyz,Y4opvCKJEmh,Des Moines,Iowa,US,home,FALSE
37,Cullan,Clavey,cclavey10@soundcloud.com,cclavey10,joV2eUXom,Washington,District of Columbia,US,home,TRUE
38,Kayla,Hurt,khurt11@wiley.com,khurt11,PtYa5Y,Nashville,Tennessee,US,home,TRUE
39,Norbie,Sowte,nsowte12@mozilla.com,nsowte12,yYj0i2kDMTM,Alexandria,Virginia,US,home,FALSE
40,Adrea,Joontjes,ajoontjes13@bbb.org,ajoontjes13,qL4RUZmQVnU,West Palm Beach,Florida,US,home,TRUE
41,Emmeline,Egleton,eegleton14@t.co,eegleton14,jdhKN3J,Seattle,Washington,US,home,TRUE
42,Evelyn,Spillane,espillane15@bluehost.com,espillane15,pk4MgsCLVID0,Oakland,California,US,home,FALSE
43,Ollie,Holbarrow,oholbarrow16@ebay.co.uk,oholbarrow16,PBcZNOZG,El Paso,Texas,US,home,TRUE
44,Lizzie,Stowte,lstowte17@indiatimes.com,lstowte17,JThzq6k,Honolulu,Hawaii,US,home,FALSE
45,Guthry,Dhenin,gdhenin18@home.pl,gdhenin18,6PfedCo,Lancaster,Pennsylvania,US,teacher,TRUE
46,Sandor,Clendening,sclendening19@hostgator.com,sclendening19,LHzTTJRQKfN,Paterson,New Jersey,US,home,TRUE
47,Caril,Collidge,ccollidge1a@ihg.com,ccollidge1a,3Em8b1L,New York City,New York,US,home,TRUE
48,Drucill,Jouanot,djouanot1b@ehow.com,djouanot1b,xIPiL6,Little Rock,Arkansas,US,teacher,TRUE
49,Torrence,Lamerton,tlamerton1c@slashdot.org,tlamerton1c,V4eqYD4NWNp,Chicago,Illinois,US,home,FALSE
50,Ash,Rosengren,arosengren1d@1688.com,arosengren1d,oI3CwN75,Watertown,Massachusetts,US,home,FALSE
51,Sayre,Rable,srable1e@umich.edu,srable1e,J1qI2Cb,Fayetteville,North Carolina,US,home,FALSE
52,Cher,Seefus,cseefus1f@myspace.com,cseefus1f,ICi2qFlaEIDF,Pittsburgh,Pennsylvania,US,home,FALSE
53,Camila,Kunze,ckunze1g@sogou.com,ckunze1g,It2jhNc,Loretto,Minnesota,US,home,FALSE
54,Doro,Postlewhite,dpostlewhite1h@howstuffworks.com,dpostlewhite1h,asb3p6hRqtM,Colorado Springs,Colorado,US,home,TRUE
55,Jaymee,Pinckstone,jpinckstone1i@go.com,jpinckstone1i,WzYTZByv7,Hyattsville,Maryland,US,home,FALSE
56,Adler,Pulman,apulman1j@nydailynews.com,apulman1j,aRFAFmq1,Brockton,Massachusetts,US,home,TRUE
57,Maximilien,Lancastle,mlancastle1k@quantcast.com,mlancastle1k,MsQnvzFG06,Hialeah,Florida,US,home,TRUE
58,Angie,Pond,apond1l@berkeley.edu,apond1l,CNRvjYsg,Spokane,Washington,US,home,FALSE
59,Ab,Philps,aphilps1m@unblog.fr,aphilps1m,uovbcdRJ,Boynton Beach,Florida,US,teacher,TRUE
60,Almire,Mattes,amattes1n@google.ru,amattes1n,srLLlf,Portland,Oregon,US,home,FALSE
61,Barrie,Lansberry,blansberry1o@nasa.gov,blansberry1o,ecnZSRA,New York City,New York,US,home,FALSE
62,Maria,Sander,msander1p@goo.gl,msander1p,tnNcnLzc,Kansas City,Missouri,US,home,FALSE
63,Ruthanne,Skein,rskein1q@networksolutions.com,rskein1q,8BipLnjN,Riverside,California,US,home,FALSE
64,Valene,Chesser,vchesser1r@blinklist.com,vchesser1r,ocDSg9a,Orlando,Florida,US,teacher,FALSE
65,Mart,Baskeyfield,mbaskeyfield1s@linkedin.com,mbaskeyfield1s,9v7pCI,Washington,District of Columbia,US,home,FALSE
66,Ceil,Pllu,cpllu1t@quantcast.com,cpllu1t,Z9Kh4vuv8,Brooklyn,New York,US,teacher,FALSE
67,Shellysheldon,Golt,sgolt1u@cbslocal.com,sgolt1u,gnb4EhMJyD,Anchorage,Alaska,US,teacher,FALSE
68,Marylee,Grigolashvill,mgrigolashvill1v@indiegogo.com,mgrigolashvill1v,l0izEGK,Indianapolis,Indiana,US,home,TRUE
69,Abey,Cruess,acruess1w@senate.gov,acruess1w,JKJ0lB,Portland,Oregon,US,home,TRUE
70,Christie,Hughs,chughs1x@a8.net,chughs1x,S3a9Yz,New York City,New York,US,home,TRUE
71,Chelsie,Cauthra,ccauthra1y@joomla.org,ccauthra1y,yNOmFN7C1,Sarasota,Florida,US,home,TRUE
72,Gian,Filyaev,gfilyaev1z@about.me,gfilyaev1z,cZQdOVnQOu1x,Dallas,Texas,US,home,FALSE
73,Rockey,Hills,rhills20@state.tx.us,rhills20,HerGL2Bn6M,Washington,District of Columbia,US,home,TRUE
74,Damara,Belly,dbelly21@skyrock.com,dbelly21,Qp7UOcsayJ,Saint Paul,Minnesota,US,teacher,FALSE
75,Eugenie,Walduck,ewalduck22@sphinn.com,ewalduck22,nrVPO1,Springfield,Illinois,US,home,FALSE
76,Johny,Lamplough,jlamplough23@businesswire.com,jlamplough23,1cQiluE9Fk,Evansville,Indiana,US,teacher,FALSE
77,Florie,Harower,fharower24@ning.com,fharower24,GBWZXdlemIN,Ventura,California,US,home,TRUE
78,Almire,Parsall,aparsall25@blogtalkradio.com,aparsall25,arKah8x,Mesquite,Texas,US,home,TRUE
79,Margaretta,Churchlow,mchurchlow26@disqus.com,mchurchlow26,6BxExRx,El Paso,Texas,US,home,FALSE
80,Gonzales,Workes,gworkes27@mashable.com,gworkes27,e4mx63O,Columbia,South Carolina,US,teacher,TRUE
81,Enid,Jolliss,ejolliss28@blogspot.com,ejolliss28,qO10q8M,Honolulu,Hawaii,US,home,FALSE
82,Ronnica,Twaite,rtwaite29@about.com,rtwaite29,w9sRo34ytN,Levittown,Pennsylvania,US,home,TRUE
83,Daryn,Bonafacino,dbonafacino2a@gravatar.com,dbonafacino2a,s8uOAuxvOpe,Duluth,Georgia,US,home,TRUE
84,Buiron,Pimblott,bpimblott2b@soundcloud.com,bpimblott2b,SxaPv1RtWZS,Shawnee Mission,Kansas,US,teacher,FALSE
85,Deborah,Lindro,dlindro2c@fastcompany.com,dlindro2c,hgkPhk8C3,Austin,Texas,US,teacher,TRUE
86,Jeannie,Sharer,jsharer2d@vkontakte.ru,jsharer2d,MGNYMvXb,Jeffersonville,Indiana,US,home,TRUE
87,Eba,MacPaik,emacpaik2e@boston.com,emacpaik2e,kOJy9OE,Spring,Texas,US,teacher,TRUE
88,Padgett,Mc Corley,pmccorley2f@comsenz.com,pmccorley2f,VFV9HvD3QXM7,Terre Haute,Indiana,US,home,FALSE
89,Terri-jo,Jedrzejewsky,tjedrzejewsky2g@amazonaws.com,tjedrzejewsky2g,ovTTVv2a,Detroit,Michigan,US,home,TRUE
90,Rana,Edmonstone,redmonstone2h@biblegateway.com,redmonstone2h,TvQXKN1,Lakewood,Washington,US,teacher,TRUE
91,Dunc,Frith,dfrith2i@squidoo.com,dfrith2i,u41VZkgo2,Boynton Beach,Florida,US,home,TRUE
92,Caty,Feltoe,cfeltoe2j@weather.com,cfeltoe2j,fniH4X3w5E,San Francisco,California,US,home,TRUE
93,Arabel,Oulett,aoulett2k@gizmodo.com,aoulett2k,dYkAF3WL,Baltimore,Maryland,US,teacher,FALSE
94,Mariel,Michel,mmichel2l@virginia.edu,mmichel2l,9bWjYP,Marietta,Georgia,US,teacher,FALSE
95,Wendell,Cottill,wcottill2m@blogtalkradio.com,wcottill2m,9j2Hbojsiocn,Montgomery,Alabama,US,teacher,TRUE
96,Algernon,Nel,anel2n@topsy.com,anel2n,KzWRuXV,Hartford,Connecticut,US,home,FALSE
97,Gisele,Suston,gsuston2o@yandex.ru,gsuston2o,XuA1apQ9dnov,Columbia,South Carolina,US,teacher,FALSE
98,Bourke,Ceresa,bceresa2p@godaddy.com,bceresa2p,EhYyUfD3We,Rochester,New York,US,home,FALSE
99,Allie,Sandy,asandy2q@uiuc.edu,asandy2q,pwROWqRMuRz,Raleigh,North Carolina,US,home,TRUE
100,Sherwood,Gurnett,sgurnett2r@nationalgeographic.com,sgurnett2r,xwk442scId,Dallas,Texas,US,home,FALSE
